{"type": "block", "layer": 2, "block": 0, "features": [{"geom": {"triangles": {"v": [-35.70782289927281, 2.4366873102082227, 0.0, -36.00418831371485, 2.2463502496323042, 0.0, -36.02590796087115, 1.400776200035467, 0.0, -35.0309491625122, 2.605138924794569, 0.0, -35.708900591688966, 0.9139908256008953, 0.0, -35.24449805974372, -0.39780954310698974, 0.0, -34.27217080212399, -1.2652690386933936, 0.0, -34.71352729624688, 2.964590795289854, 0.0, -29.317770066819527, 7.128131095971389, 0.0, -34.776613752300136, 3.725939037593518, 0.0, -34.923428619146804, 5.629972838685697, 0.0, -29.825280295410884, 7.319131351880323, 0.0, -31.305532278705112, 7.5943574150824285, 0.0, -30.734521096977364, 7.7422499743452535, 0.0, -30.16350991524962, 7.6573609717190605, 0.0, -32.82822876331244, 7.9339134255872015, 0.0, -34.944319272136845, 6.158539519100349, 0.0, -33.335573193070545, 8.23036173944586, 0.0, -34.139365936687305, 8.378917494041694, 0.0, -35.30360534379887, 6.729550700828094, 0.0, -35.51408696261519, 8.274132631424989, 0.0, -35.196250599266726, 9.162151182334926, 0.0, -35.5883648399131, 8.31127157007395, 0.0, -35.46658559688783, 9.46788423085582, 0.0, -31.982157317215844, 7.891468924274108, 0.0, -35.15662467811895, 4.635843034493021, 0.0, -35.1140143779726, 5.228076466877313, 0.0, -28.979374648147534, 7.128131095971389, 0.0, -26.74440637587981, -3.998297006056981, 0.0, -26.15217294349551, -3.8928489481072583, 0.0, -28.3024180119703, 7.2965827105577405, 0.0, -24.347038146439516, 7.6540449950539715, 0.0, -26.440828712191223, 7.782041694326279, 0.0, -25.256196048589374, 8.055941366862356, 0.0, -24.706324218101543, 8.013496865549257, 0.0, -25.235222496182708, 8.119608118831996, 0.0, -27.160064050848298, 7.866930696952472, 0.0, -27.900438740745294, 7.634812330396473, 0.0, -24.15661818644697, 7.611600493740878, 0.0, -25.940613632263048, -3.935293449420352, 0.0, -22.76075780927917, 7.652718604387937, 0.0, -23.395352843559934, 7.73760760701413, 0.0, -17.960715787734443, 5.598139462700875, 0.0, -25.560022410527843, -4.189297261965915, 0.0, -23.995959117023574, -5.396312768057088, 0.0, -23.721147550904597, -5.883098142491661, 0.0, -22.64279193941875, -6.243213208319962, 0.0, -22.093085907764177, -6.708776332097988, 0.0, -22.008860100471, -6.877891142017353, 0.0, -16.332902842843904, 4.4972352098924375, 0.0, -16.797885670705536, 5.026465085640109, 0.0, -20.655692922866177, -7.9151286428561445, 0.0, -19.429196053867624, -8.19101790139127, 0.0, -18.83737711856646, -8.466243964593376, 0.0, -17.144819729290123, -8.108118484764129, 0.0, -15.825309714835917, 4.348679455296604, 0.0, -16.63739240011539, -8.087559429440597, 0.0, -12.568606132638681, 3.310115563791779, 0.0, -13.456541784131987, 4.0509047507719105, 0.0, -14.809791861153437, 4.538353320539502, 0.0, -14.30228163256208, 4.474686568569856, 0.0, -16.256801178380186, -8.235451988703415, 0.0, -14.311566367224321, -9.252130434218676, 0.0, -13.910084492499076, -9.866249312592535, 0.0, -12.957984692536362, -9.48623838677372, 0.0, -13.635190026963478, -9.866249312592535, 0.0, -12.746508280720526, -9.48623838677372, 0.0, -11.08818835051119, 3.203341115176019, 0.0, -10.24219980383122, 2.9917818039435593, 0.0, -8.888286531476751, 3.244459225823084, 0.0, -11.985491636083367, -10.100357265147583, 0.0, -10.886411170440729, -11.010261262047083, 0.0, -10.632656056145052, -11.200598322623, 0.0, -8.211329895299519, 3.4765775923790763, 0.0, -8.96256440877467, -12.19605451748171, 0.0, -8.729782846885659, -12.30216577076445, 0.0, -6.243795141070951, 4.194154942703612, 0.0, -7.407039755182993, 3.8990330195109877, 0.0, -4.825883519080326, 4.976062240330808, 0.0, -5.432873047624254, -15.73088564246301, 0.0, -5.094643427785517, -16.006111705665116, 0.0, -3.5304143354479955, -17.17068271044319, 0.0, -3.810282765981221, 5.39851766746272, 0.0, -3.1076273106495744, 5.9370322778726266, 0.0, -2.3890551673255156, -18.038805401362616, 0.0, -1.3947595642995858, -18.103135348665276, 0.0, -2.9091661072441988, 7.396062010510308, 0.0, -0.041260789028252365, -18.125020794654844, 0.0, -0.9299425352712054, -18.420805913180484, 0.0, -1.8871820990648047, 9.058029515051233, 0.0, 0.6990310014521217, -18.25235429859413, 0.0, -0.6733688408102012, 9.444009198867203, 0.0, 3.0265150226757354, -17.133543771794233, 0.0, 2.222307781975841, -17.682669507532417, 0.0, 1.1671640071455824, -18.244395954597923, 0.0, 1.6356286105055573, -18.23643761060172, 0.0, 2.6455093038573962, -17.492995642289518, 0.0, -0.00801812296076787, 9.660874072763807, 0.0, 3.576718450830063, -16.90142540523824, 0.0, 1.7348592122082507, 9.921509838639533, 0.0, 3.8501207268663795, 9.962627949286599, 0.0, 4.295705091237267, -17.00753665852098, 0.0, 5.880990635398087, 10.21464217583311, 0.0, 6.622360118294601, -17.199863305095946, 0.0, 7.219318817426645, -17.348419059691786, 0.0, 6.240608304726624, 10.404979236409023, 0.0, 10.471380032292766, -17.79541271414533, 0.0, 10.957916708477455, -17.816634964801878, 0.0, 8.166195954141852, 11.207445589359752, 0.0, 7.700798629197081, 11.101997531410026, 0.0, 6.9393674874767886, 11.081438476086493, 0.0, 14.174828570693665, -15.831028137748593, 0.0, 12.587304742283912, -17.12027986513389, 0.0, 13.348984582254086, -16.845716997264798, 0.0, 14.005216364274542, -16.254146760213523, 0.0, 11.950056926671081, -17.678027140201298, 0.0, 11.550067241445127, -18.02885747136736, 0.0, 11.19053247153322, -18.02819427603434, 0.0, 15.243899447517284, -14.890617155530304, 0.0, 10.620930579888132, 12.41114511878584, 0.0, 8.928290291195163, 12.074241889613134, 0.0, 9.309296010013501, 12.32758250682568, 0.0, 27.978742030945448, -5.520330295331291, 0.0, 11.34033171737846, 12.728152487968025, 0.0, 11.636862930653747, 13.214937862402596, 0.0, 29.05941882609685, -3.5645672582637795, 0.0, 30.507340036906506, 0.9604144989120926, 0.0, 31.20162265115881, 13.497459074267896, 0.0, 11.658002281893665, 13.426497173635061, 0.0, 29.642699121485418, 17.560193684330827, 0.0, 30.84722764507778, 15.71850024454226, 0.0, 30.78438988727441, 16.54351523881557, 0.0, 30.319489958829404, 17.34797117776534, 0.0, 31.429678946300076, 14.58841539708107, 0.0, 31.354654974252515, 15.168711313471062, 0.0, 28.966239881807955, 18.15309031204814, 0.0, 12.678825698240281, 21.464424609802666, 0.0, 12.538394086473904, 21.28337228388899, 0.0, 10.962559075808576, 17.128453522536674, 0.0, 11.556533395942047, 19.667165257326246, 0.0, 11.93778781301027, 20.512739306923084, 0.0, 10.941585523401908, 17.403679585738782, 0.0, 10.730606508085838, 18.41903164058801, 0.0, 10.730274910419324, 17.932909461486453, 0.0, 10.92135806574489, 19.032487323628857, 0.0, 10.834562376536272, 15.563312536616253, 0.0, 10.623417562386939, 16.21921272097019, 0.0, 10.623168864137067, 15.880983101131454, 0.0, 10.7280366261704, 14.610964038403656, 0.0, 28.860708924441603, 18.66109793713926, 0.0, 13.554906733155903, 22.461870390660426, 0.0, 13.398724232230375, 22.436668968005776, 0.0, 12.890716607139252, 22.014213540873865, 0.0, 14.87076917327852, 23.571396182798082, 0.0, 14.23269236349941, 23.162204662326513, 0.0, 27.53050488524249, 22.49105098531318, 0.0, 28.122158021710398, 21.580483793080663, 0.0, 29.136598182976726, 20.099568614453414, 0.0, 29.073677525756725, 20.628135294868066, 0.0, 16.129265217095146, 23.698066491404358, 0.0, 27.25760000570594, 23.37707995022406, 0.0, 26.882397246051504, 24.6020017303067, 0.0, 27.185311714407078, 23.87248686398786, 0.0, 15.511664563222949, 23.728573476723138, 0.0, 31.209332296905135, 1.901488676463399, 0.0, 32.82669991530065, 9.51563429483305, 0.0, 32.82247204505268, 4.214050802694124, 0.0, 33.4172753593524, 7.9544724809107334, 0.0, 33.677082131061866, 5.46284761476538, 0.0, 34.02451358614622, 5.785160546611704, 0.0, 34.22687106213307, 7.4836037944685705, 0.0, 32.88240832327409, 2.6031493387955202, 0.0, 31.55759274615575, 12.956954877858934, 0.0, 33.73221024311892, 12.032460583633055, 0.0, 33.44322287675671, 12.949659729195746, 0.0, 29.24536221759153, -4.758982053027628, 0.0, 16.121472671932192, 